num_rooms,floor,area_sqft,price
3,5,785.8,238500.0
3,20,753.5,423000.0
3,2,785.8,207000.0
3,5,785.8,252000.0
3,8,731.9,198000.0
3,11,731.9,252000.0
3,5,721.2,216000.0
3,5,882.6,270900.0
3,2,721.2,229500.0
3,2,721.2,209700.0
3,8,721.2,225000.0
3,5,721.2,220500.0
3,2,721.2,229500.0
3,5,721.2,259200.0
3,2,721.2,211500.0
3,8,721.2,241200.0
3,5,721.2,216000.0
3,5,947.2,288000.0
3,5,721.2,225000.0
3,2,721.2,225000.0
3,2,721.2,238500.0
3,11,721.2,270000.0
3,5,785.8,288000.0
3,11,721.2,229500.0
3,5,947.2,319500.0
3,5,721.2,243000.0
3,5,721.2,254700.0
3,2,721.2,220500.0
3,2,785.8,229500.0
3,8,807.3,277200.0
3,5,882.6,272250.0
3,2,731.9,225000.0
3,5,882.6,325800.0
3,5,882.6,306000.0
3,8,731.9,250200.0
3,8,721.2,252000.0
3,8,721.2,221490.0
3,8,731.9,220500.0
3,8,721.2,286200.0
3,2,721.2,200700.0
3,5,721.2,234000.0
3,2,882.6,274500.0
3,20,721.2,412999.2
3,11,721.2,380700.0
4,5,1054.9,333000.0
4,17,1044.1,643500.0
4,14,1011.8,594000.0
4,2,979.5,324000.0
4,11,990.3,344700.0
4,8,1001.0,344700.0
4,11,979.5,310500.0
4,2,1001.0,295200.0
4,5,990.3,324000.0
4,5,1065.6,324000.0
4,5,990.3,310500.0
4,2,990.3,333000.0
4,11,1065.6,406800.0
4,8,1054.9,450000.0
4,2,1054.9,391500.0
4,5,979.5,304200.0
4,5,990.3,351000.0
4,8,979.5,344700.0
4,11,979.5,346500.0
4,2,979.5,313200.0
4,2,979.5,315000.0
4,5,968.8,531720.0
4,2,979.5,340200.0
4,11,990.3,382500.0
4,11,1076.4,356400.0
4,8,968.8,459000.0
4,17,1022.6,523800.0
4,14,968.8,575100.0
4,17,968.8,651499.2000000001
5,2,1280.9,436500.0
5,2,1280.9,418500.0
5,11,1280.9,481500.0
5,17,1291.7,522000.0
5,8,1259.4,405000.0
5,2,1431.6,630000.0
5,11,1302.4,477000.0
5,11,1270.1,580500.0
5,17,1259.4,567000.0
5,29,1184.0,710100.0
5,8,1291.7,756000.0
5,11,1259.4,737820.0
3,11,731.9,256500.0
3,8,721.2,263700.0
3,5,721.2,234000.0
3,5,721.2,265500.0
3,8,882.6,279000.0
3,8,721.2,238500.0
3,14,882.6,298800.0
3,8,635.1,211500.0
3,11,645.8,225000.0
3,8,721.2,247500.0
3,11,635.1,241200.0
3,2,721.2,235800.0
3,8,635.1,213300.0
3,8,731.9,236700.0
3,2,635.1,203400.0
3,11,721.2,216900.0
3,5,731.9,220500.0
3,2,721.2,214200.0
3,5,882.6,277999.2
3,11,731.9,261000.0
3,11,721.2,256500.0
3,11,882.6,295200.0
3,2,721.2,225000.0
3,8,721.2,220500.0
3,5,753.5,247500.0
3,8,721.2,259200.0
3,8,731.9,252000.0
3,2,731.9,234000.0
3,5,731.9,250200.0
3,5,731.9,252000.0
3,8,731.9,270000.0
3,8,731.9,270000.0
3,14,699.7,225450.0
3,11,635.1,218700.0
3,11,699.7,244800.0
3,5,785.8,261000.0
3,8,785.8,252000.0
3,11,721.2,270000.0
3,14,721.2,252000.0
3,8,721.2,259200.0
3,14,699.7,262800.0
3,8,645.8,241200.0
4,14,990.3,355500.0
4,5,990.3,301500.0
4,11,979.5,331200.0
4,8,990.3,378000.0
4,11,979.5,319500.0
4,17,914.9,567000.0
4,8,990.3,358200.0
4,5,990.3,288000.0
4,8,990.3,351000.0
4,5,990.3,297000.0
4,11,990.3,292500.0
4,14,990.3,337500.0
4,14,936.5,646200.0
4,11,936.5,596700.0
4,14,936.5,603000.0
4,2,936.5,589500.0
4,5,1001.0,349200.0
4,11,979.5,360000.0
4,11,979.5,347850.0
4,5,1119.4,373500.0
4,2,958.0,342000.0
4,11,1054.9,360000.0
4,2,1119.4,364500.0
4,2,979.5,328500.0
4,11,1001.0,349200.0
4,11,1001.0,355500.0
4,5,1151.7,481500.0
4,8,1130.2,480420.0
4,14,1130.2,472500.0
4,2,968.8,304200.0
4,2,882.6,297000.0
4,8,882.6,283500.0
4,8,1130.2,437400.0
4,8,904.2,278100.0
4,11,979.5,315000.0
4,8,968.8,450000.0
4,8,1162.5,432000.0
4,14,1141.0,450000.0
5,20,1280.9,540000.0
5,26,1270.1,594000.0
5,17,1270.1,569700.0
5,5,1324.0,423000.0
5,5,1420.8,553500.0
5,11,1324.0,441000.0
5,2,1259.4,342000.0
5,8,1463.9,531000.0
5,11,1324.0,418500.0
5,14,1324.0,439200.0
5,5,1313.2,403200.0
5,11,1345.5,423000.0
5,8,1302.4,450000.0
5,14,1237.8,585000.0
5,23,1270.1,574200.0
5,14,1431.6,688500.0
5,20,1237.8,461520.0
5,5,1431.6,472500.0
5,5,1356.3,549000.0
5,8,1377.8,549000.0
5,23,1291.7,553500.0
3,5,688.9,348300.0
3,2,688.9,295200.0
3,2,721.2,335700.0
4,2,904.2,352800.0
4,5,1001.0,378000.0
4,5,904.2,432000.0
4,5,904.2,459000.0
4,8,893.4,424800.0
4,8,1119.4,432000.0
4,8,904.2,396000.0
4,8,904.2,459000.0
4,2,1119.4,531000.0
4,5,914.9,400500.0
4,2,1205.6,499500.0
4,5,1173.3,457200.0
4,11,1216.3,540000.0
4,14,1162.5,603000.0
4,8,1097.9,499500.0
4,5,1108.7,436500.0
4,29,1022.6,799999.2000000001
5,5,1302.4,621000.0
5,2,1302.4,585000.0
5,2,1302.4,604800.0
5,14,1302.4,636300.0
5,14,1302.4,576000.0
5,11,1410.1,702000.0
5,2,1313.2,616500.0
5,11,1496.2,720000.0
5,5,1431.6,628200.0
5,8,1302.4,621000.0
5,14,1291.7,774000.0
5,5,1324.0,621000.0
5,11,1345.5,630000.0
5,11,1345.5,621000.0
3,2,688.9,225000.0
3,2,688.9,211500.0
3,5,721.2,225000.0
3,2,721.2,216000.0
3,5,721.2,216000.0
3,8,721.2,259200.0
3,5,688.9,243000.0
3,2,731.9,234000.0
3,11,688.9,211500.0
3,2,645.8,220500.0
3,11,645.8,234000.0
3,5,688.9,234000.0
3,8,645.8,211500.0
3,5,785.8,253800.0
3,8,785.8,240300.0
3,11,785.8,235800.0
3,2,731.9,223200.0
3,5,785.8,225000.0
3,2,785.8,217800.0
4,8,1108.7,322200.0
4,5,1119.4,315720.0
4,2,1001.0,297000.0
4,14,1119.4,352800.0
4,8,979.5,315720.0
4,5,1162.5,346500.0
4,8,979.5,310500.0
4,8,1087.2,360000.0
4,2,904.2,293299.2
4,5,904.2,292500.0
4,5,1001.0,301500.0
4,5,904.2,299700.0
4,8,904.2,256500.0
4,5,904.2,274500.0
4,5,1108.7,292500.0
4,2,1011.8,279000.0
4,8,1011.8,292500.0
4,23,968.8,385200.0
4,8,1108.7,360000.0
4,5,1151.7,315000.0
4,2,1194.8,358200.0
4,5,1001.0,297000.0
4,5,1076.4,369000.0
4,8,1001.0,297000.0
4,2,1033.3,279000.0
4,5,1001.0,288900.0
5,5,1291.7,522000.0
5,11,1302.4,419400.0
5,8,1603.8,520650.0
5,5,1302.4,441000.0
5,5,1313.2,349200.0
5,23,1270.1,513000.0
5,26,1270.1,517500.0
5,11,1184.0,465300.0
5,23,1270.1,493200.0
5,2,1420.8,436500.0
5,26,1442.4,486000.0
2,11,376.7,184500.0
2,11,505.9,175500.0
2,8,505.9,364500.0
3,26,667.4,616500.0
3,23,667.4,630000.0
3,5,721.2,297000.0
3,5,742.7,531000.0
3,11,699.7,270000.0
3,8,818.1,268200.0
3,5,624.3,279900.0
3,2,624.3,238500.0
3,5,624.3,270000.0
3,17,645.8,473400.0
3,14,645.8,488700.0
3,29,667.4,529200.0
3,8,667.4,432000.0
3,35,667.4,540000.0
3,11,882.6,378000.0
3,2,699.7,279000.0
3,5,785.8,301500.0
3,11,635.1,239400.0
3,5,635.1,217800.0
3,14,731.9,517500.0
3,14,721.2,547999.2000000001
3,11,635.1,250200.0
3,5,947.2,486000.0
3,5,947.2,522000.0
3,2,947.2,526500.0
4,17,1001.0,907200.0
4,32,990.3,871200.0
4,14,1076.4,754200.0
4,11,968.8,693000.0
4,8,979.5,545400.0
4,2,1011.8,646200.0
4,5,1162.5,531000.0
4,2,968.8,529200.0
4,8,979.5,612000.0
4,2,914.9,576000.0
4,5,990.3,576000.0
4,17,1001.0,682200.0
4,17,1087.2,655999.2000000001
4,2,1076.4,560250.0
4,26,1076.4,729000.0
4,20,1076.4,711000.0
4,2,1054.9,414000.0
4,8,979.5,400500.0
5,5,1205.6,882000.0
5,17,1485.4,661500.0
5,14,1184.0,873000.0
5,26,1237.8,627199.2000000001
5,29,1184.0,799200.0
5,20,1237.8,729000.0
5,20,1237.8,792000.0
5,5,1227.1,742500.0
5,26,1184.0,742500.0
5,8,1313.2,565200.0
5,17,1237.8,761299.2000000001
5,8,1356.3,747000.0
5,23,1324.0,742500.0
5,8,1184.0,657000.0
5,26,1259.4,522000.0
2,14,505.9,207000.0
2,14,505.9,212220.0
3,2,785.8,225000.0
3,17,731.9,288000.0
3,5,731.9,283500.0
3,2,785.8,268200.0
3,5,785.8,256500.0
3,5,785.8,250200.0
3,5,785.8,254700.0
3,14,721.2,293400.0
3,14,721.2,292500.0
3,11,721.2,297000.0
3,14,721.2,301500.0
3,17,721.2,297000.0
3,17,721.2,294300.0
3,14,721.2,297000.0
4,8,1119.4,328500.0
4,2,1108.7,270000.0
4,8,1108.7,306000.0
4,8,1087.2,373500.0
4,14,1141.0,316800.0
4,8,904.2,270000.0
4,8,1087.2,306000.0
4,11,1119.4,310500.0
4,2,1119.4,279900.0
4,8,1119.4,310500.0
4,5,1076.4,410299.2
4,8,1108.7,306000.0
4,5,968.8,292500.0
4,14,1087.2,322200.0
4,23,1076.4,378000.0
4,17,1108.7,344700.0
4,8,1076.4,351000.0
4,14,1087.2,423000.0
4,20,968.8,391500.0
4,5,968.8,396000.0
4,8,968.8,445500.0
4,2,1119.4,279000.0
4,8,904.2,266400.0
4,11,1108.7,337500.0
4,20,1108.7,495000.0
4,2,1097.9,427500.0
4,5,1119.4,293850.0
4,8,904.2,288000.0
4,2,904.2,234000.0
4,11,1001.0,364500.0
4,11,1001.0,407700.0
4,11,990.3,405000.0
4,8,990.3,288000.0
4,14,1001.0,369000.0
4,5,1001.0,362700.0
4,5,990.3,337500.0
4,11,1001.0,396000.0
4,5,968.8,297000.0
4,14,990.3,373500.0
4,11,1001.0,385200.0
4,11,1001.0,369000.0
4,14,990.3,396000.0
4,5,968.8,290700.0
4,8,1001.0,378000.0
4,2,968.8,278100.0
4,14,1001.0,401220.0
4,8,990.3,310500.0
4,11,1001.0,398700.0
4,20,1001.0,432000.0
4,23,1065.6,463500.0
4,5,1001.0,396000.0
4,23,990.3,427500.0
4,8,990.3,405000.0
4,8,1001.0,370800.0
4,26,1001.0,432000.0
4,8,990.3,379800.0
4,14,990.3,436500.0
4,23,990.3,437839.2
4,5,1065.6,441000.0
4,26,968.8,378000.0
4,5,990.3,398700.0
5,8,1302.4,396000.0
5,2,1313.2,355500.0
5,20,1302.4,468000.0
5,2,1184.0,486000.0
5,8,1216.3,477000.0
5,5,1216.3,436500.0
5,5,1216.3,441000.0
5,14,1216.3,457999.2
5,17,1216.3,477000.0
5,14,1205.6,500299.2
5,5,1205.6,479700.0
5,29,1205.6,508500.0
5,23,1205.6,490500.0
5,29,1205.6,535500.0
5,2,1205.6,450000.0
5,8,1184.0,387000.0
3,8,818.1,432799.2
4,11,979.5,504052.2
4,11,1119.4,556200.0
5,8,1324.0,765000.0
3,8,807.3,331200.0
3,2,721.2,324000.0
3,8,721.2,333000.0
3,11,645.8,372600.0
3,5,775.0,337500.0
4,20,1022.6,862200.0
4,2,1087.2,418500.0
2,5,495.1,198000.0
2,5,505.9,190800.0
2,5,505.9,193500.0
3,14,721.2,279000.0
3,2,785.8,220500.0
3,5,785.8,225000.0
4,2,1119.4,274500.0
4,14,1108.7,317599.2
4,5,1108.7,306000.0
4,5,1119.4,292500.0
4,11,1119.4,310500.0
4,11,1141.0,328500.0
4,2,1119.4,279000.0
4,2,1162.5,349200.0
4,5,1141.0,319500.0
4,8,1130.2,292500.0
4,14,979.5,290959.2
4,2,968.8,279900.0
4,17,1108.7,292500.0
4,17,990.3,351000.0
4,14,1087.2,308700.0
4,8,1087.2,306000.0
4,23,968.8,293400.0
4,8,1108.7,315000.0
4,8,914.9,285300.0
4,2,925.7,270000.0
4,2,1130.2,279000.0
4,2,1108.7,292500.0
4,8,1119.4,290700.0
4,5,1227.1,333000.0
4,8,1194.8,306000.0
4,5,968.8,281700.0
4,11,1141.0,304200.0
4,11,990.3,396000.0
4,11,1173.3,315000.0
4,2,1097.9,272700.0
4,5,1119.4,283500.0
4,11,1119.4,290700.0
4,5,1141.0,259200.0
4,8,1119.4,286200.0
4,5,1141.0,315000.0
4,11,1065.6,283500.0
5,8,1356.3,378000.0
5,11,1356.3,401400.0
5,8,1280.9,351000.0
5,8,1259.4,360000.0
5,17,1184.0,340200.0
5,5,1324.0,351000.0
5,2,1184.0,306000.0
5,5,1184.0,324000.0
5,14,1334.7,378000.0
5,14,1184.0,306000.0
5,5,1313.2,387000.0
5,11,1313.2,376200.0
5,5,1194.8,317700.0
5,11,1431.6,463500.0
5,5,1302.4,381499.2
5,11,1442.4,447120.0
5,8,1334.7,369000.0
5,11,1367.0,362700.0
5,14,1453.1,382500.0
5,2,1388.5,351000.0
5,8,1431.6,421200.0
5,2,1302.4,439200.0
5,2,1431.6,376200.0
5,8,1410.1,450000.0
5,11,1313.2,432000.0
5,11,1280.9,328500.0
5,14,1280.9,322999.2
5,11,1442.4,400500.0
2,29,538.2,286200.0
3,5,721.2,291499.2
3,11,721.2,297799.2
3,5,721.2,315000.0
3,5,731.9,256500.0
3,2,721.2,283500.0
3,5,731.9,211500.0
3,8,721.2,229500.0
3,8,721.2,248400.0
4,5,1076.4,562500.0
4,5,990.3,367200.0
4,8,925.7,565200.0
4,23,1033.3,774000.0
4,20,979.5,634500.0
4,35,882.6,676800.0
4,32,882.6,694800.0
4,32,871.9,653400.0
4,26,871.9,711000.0
4,11,871.9,649800.0
4,11,861.1,644999.4
4,2,990.3,342000.0
4,5,1119.4,522000.0
4,14,1162.5,504000.0
4,2,1119.4,324000.0
4,5,979.5,306000.0
4,5,990.3,324000.0
4,8,893.4,290599.2
5,20,1345.5,612000.0
5,26,1302.4,805500.0
5,11,1248.6,900000.0
5,8,1302.4,504000.0
5,8,1302.4,448200.0
5,20,1270.1,540000.0
2,5,484.4,180000.0
2,8,495.1,166500.0
3,11,731.9,306000.0
3,8,649.1,193500.0
3,11,649.1,180000.0
3,8,649.1,190800.0
3,2,602.8,182700.0
3,5,559.7,184500.0
3,5,602.8,162000.0
3,8,602.8,202500.0
3,2,679.2,180000.0
3,8,624.3,190800.0
3,8,602.8,175500.0
3,2,602.8,197550.0
3,5,559.7,155700.0
3,8,635.1,207000.0
3,8,645.8,414900.0
3,2,710.4,234000.0
3,2,807.3,304200.0
3,8,818.1,319500.0
3,14,635.1,265500.0
3,8,667.4,263700.0
3,8,699.7,270000.0
3,2,688.9,297000.0
3,2,688.9,270000.0
4,14,990.3,414000.0
4,2,1087.2,468000.0
4,2,1097.9,603900.0
4,8,1194.8,601200.0
4,8,979.5,373500.0
4,11,979.5,391500.0
4,11,968.8,670500.0
4,11,914.9,585000.0
4,5,1162.5,412200.0
4,2,958.0,351000.0
4,2,904.2,304200.0
4,11,904.2,342000.0
4,11,904.2,342000.0
5,11,1302.4,567000.0
5,2,1324.0,378000.0
5,11,1291.7,594079.2000000001
5,8,1313.2,450000.0
5,5,1313.2,394200.0
3,5,731.9,274500.0
3,2,721.2,223200.0
3,8,721.2,211500.0
3,11,635.1,205200.0
3,11,635.1,198000.0
3,8,721.2,211500.0
3,8,635.1,187200.0
3,8,882.6,304200.0
3,11,796.5,261000.0
3,5,721.2,241200.0
3,2,764.2,237600.0
3,11,645.8,234000.0
3,11,645.8,234000.0
3,2,688.9,232200.0
3,5,742.7,242899.2
3,2,796.5,270000.0
3,8,688.9,241999.2
3,8,796.5,263700.0
3,8,796.5,243000.0
3,2,688.9,238500.0
3,11,721.2,423000.0
3,8,731.9,333900.0
3,11,731.9,337500.0
3,8,731.9,315000.0
3,20,721.2,349200.0
4,14,968.8,310500.0
4,8,968.8,308700.0
4,5,968.8,310500.0
4,8,1001.0,414000.0
4,8,1001.0,396000.0
4,2,1108.7,342000.0
4,11,1097.9,346500.0
4,5,1119.4,405000.0
4,5,1130.2,346500.0
4,2,1184.0,360000.0
4,8,1108.7,371700.0
4,2,979.5,278100.0
4,11,1001.0,313200.0
4,5,1022.6,277200.0
4,8,1001.0,328500.0
4,8,904.2,306000.0
4,11,1119.4,355500.0
4,5,904.2,292500.0
4,2,1065.6,279000.0
4,14,904.2,316800.0
4,2,1184.0,328500.0
4,11,904.2,324900.0
4,5,1076.4,343800.0
4,8,1054.9,486000.0
4,5,1119.4,324000.0
4,5,1141.0,315000.0
4,5,1119.4,342900.0
4,5,1076.4,341100.0
4,8,990.3,333000.0
4,11,1087.2,342000.0
4,11,1108.7,374299.2
4,5,990.3,364500.0
4,11,990.3,630000.0
4,14,990.3,468000.0
4,11,990.3,430200.0
4,2,990.3,405000.0
5,8,1442.4,594000.0
5,11,1302.4,495000.0
5,2,1302.4,445500.0
5,5,1248.6,441000.0
5,8,1302.4,405000.0
5,14,1237.8,571500.0
5,8,1248.6,585000.0
5,5,1302.4,445500.0
5,2,1463.9,472500.0
5,11,1259.4,454500.0
5,5,1302.4,423000.0
5,5,1291.7,434700.0
5,8,1248.6,427500.0
5,14,1302.4,432000.0
5,2,1302.4,409500.0
5,8,1248.6,385200.0
5,14,1291.7,480600.0
5,5,1420.8,450000.0
5,2,1205.6,486000.0
5,17,1205.6,747000.0
5,8,1205.6,558000.0
5,11,1237.8,607500.0
5,11,1237.8,622800.0
2,17,473.6,241200.0
3,11,721.2,243000.0
3,2,721.2,234000.0
3,11,764.2,259200.0
3,5,731.9,225000.0
3,5,721.2,241200.0
3,35,775.0,319500.0
3,5,721.2,198000.0
4,2,1119.4,297000.0
4,8,979.5,358200.0
4,8,1001.0,328500.0
4,5,1022.6,341100.0
4,5,1022.6,297000.0
4,2,1065.6,342000.0
4,2,1108.7,306000.0
4,11,1054.9,351000.0
4,8,1130.2,319500.0
4,11,1162.5,337500.0
4,2,893.4,265500.0
4,35,936.5,423000.0
4,8,1065.6,279000.0
4,5,990.3,319500.0
4,32,990.3,418500.0
4,20,1076.4,472500.0
4,5,1087.2,387000.0
5,23,1291.7,495000.0
5,11,1291.7,481500.0
5,17,1291.7,567000.0
5,8,1270.1,432000.0
5,2,1302.4,369000.0
5,5,1420.8,412200.0
5,14,1259.4,369000.0
5,2,1291.7,423000.0
2,2,505.9,198000.0
3,17,731.9,310500.0
3,17,731.9,316800.0
3,2,635.1,184500.0
3,11,635.1,189900.0
3,2,699.7,189000.0
3,20,699.7,216000.0
3,8,699.7,184500.0
3,8,699.7,198900.0
3,5,699.7,180000.0
3,5,721.2,198000.0
3,2,796.5,234000.0
3,2,796.5,225000.0
3,11,721.2,261000.0
3,8,785.8,243000.0
3,5,785.8,238500.0
3,17,721.2,383850.0
4,2,990.3,335700.0
4,5,1001.0,374400.0
4,2,1001.0,360000.0
4,14,1237.8,370800.0
4,8,1001.0,432000.0
4,5,1237.8,330300.0
4,14,1001.0,414000.0
4,11,1141.0,422100.0
4,11,1119.4,421200.0
4,2,1097.9,376200.0
4,8,1001.0,312300.0
4,2,968.8,270000.0
4,14,968.8,297000.0
4,11,979.5,288000.0
4,5,1108.7,334800.0
4,5,1119.4,279000.0
4,2,1108.7,277200.0
4,2,1173.3,275400.0
4,5,1108.7,297000.0
4,11,904.2,283500.0
4,11,1108.7,378000.0
4,2,1141.0,346500.0
4,14,914.9,342000.0
4,14,1076.4,351000.0
4,11,979.5,349200.0
4,2,1022.6,333000.0
4,8,1011.8,367200.0
4,8,925.7,342000.0
4,2,979.5,319500.0
4,2,914.9,315000.0
4,8,979.5,347400.0
4,5,968.8,316800.0
4,14,979.5,328500.0
4,14,1119.4,319500.0
4,8,1141.0,283500.0
4,5,1173.3,279000.0
4,5,1119.4,279000.0
4,2,1162.5,279000.0
4,8,1141.0,292500.0
4,8,1119.4,277200.0
4,2,1119.4,279000.0
4,2,1130.2,262800.0
4,2,1119.4,270000.0
4,5,1119.4,253800.0
4,11,1119.4,286200.0
4,5,1001.0,324000.0
4,17,1001.0,376200.0
4,2,1001.0,333000.0
4,2,1108.7,317700.0
4,5,1011.8,369000.0
4,2,990.3,373500.0
4,2,1011.8,319500.0
4,5,979.5,558000.0
4,23,979.5,580500.0
4,8,1001.0,393300.0
4,2,1001.0,334800.0
4,14,1033.3,342900.0
5,8,1205.6,454500.0
5,5,1205.6,441000.0
5,5,1302.4,317708.10000000003
5,5,1367.0,382500.0
5,5,1367.0,364500.0
5,8,1291.7,427500.0
5,8,1194.8,342799.2
5,11,1302.4,328500.0
5,2,1237.8,371520.0
5,8,1205.6,378799.2
5,17,1205.6,367200.0
5,5,1194.8,324900.0
5,8,1431.6,341100.0
5,5,1453.1,359998.2
5,2,1463.9,358200.0
5,5,1442.4,351000.0
5,11,1184.0,423000.0
5,14,1291.7,417600.0
5,14,1184.0,450000.0
5,14,1184.0,378000.0
5,2,1184.0,393120.0
5,11,1184.0,457200.0
5,14,1184.0,474199.2
5,5,1216.3,412200.0
5,2,1184.0,360000.0
5,17,1184.0,391500.0
5,8,1184.0,400500.0
5,5,1184.0,385999.2
5,2,1377.8,328500.0
5,5,1356.3,387000.0
5,8,1313.2,342000.0
5,11,1367.0,388800.0
5,2,1367.0,315000.0
5,2,1356.3,299700.0
5,2,1334.7,342000.0
5,8,1313.2,349200.0
5,2,1367.0,346500.0
5,8,1345.5,324000.0
5,2,1302.4,298800.0
5,8,1313.2,322200.0
5,5,1420.8,342000.0
5,8,1313.2,369000.0
5,17,1205.6,430200.0
5,17,1280.9,457200.0
5,20,1162.5,648000.0
5,11,1216.3,504000.0
5,5,1237.8,385999.2
5,11,1248.6,424800.0
3,2,731.9,288000.0
3,11,699.7,243000.0
3,11,678.1,256500.0
3,5,678.1,232200.0
3,2,731.9,277200.0
3,17,742.7,450000.0
3,8,699.7,243000.0
3,14,699.7,253800.0
3,2,721.2,325800.0
3,8,721.2,351000.0
3,8,602.8,193500.0
3,11,602.8,178200.0
3,2,1270.1,769500.0
3,2,871.9,648000.0
3,8,645.8,295200.0
3,8,678.1,319500.0
3,11,699.7,252000.0
3,14,710.4,274500.0
4,17,828.8,441000.0
4,5,1162.5,585000.0
4,5,968.8,554850.0
4,11,968.8,567000.0
4,8,990.3,414000.0
4,20,914.9,625500.0
4,2,1151.7,466200.0
4,14,968.8,643500.0
4,5,1108.7,441000.0
4,2,893.4,391500.0
4,8,882.6,317700.0
4,11,968.8,652500.0
4,11,947.2,395100.0
4,17,968.8,655200.0
4,8,979.5,328500.0
4,5,936.5,306000.0
4,14,936.5,306000.0
5,23,1313.2,636660.0
5,17,1302.4,675000.0
5,26,1259.4,508500.0
5,11,1410.1,675000.0
5,8,1496.2,598500.0
5,26,1130.2,621000.0
5,2,1334.7,504000.0
5,20,1270.1,612000.0
5,2,1270.1,495000.0
5,14,1227.1,433800.0
3,5,699.7,261000.0
3,8,731.9,295200.0
3,14,699.7,333000.0
3,2,699.7,268200.0
3,8,699.7,292500.0
3,5,699.7,301500.0
3,5,699.7,275400.0
4,5,947.2,427500.0
4,5,882.6,418500.0
4,5,947.2,427500.0
4,14,947.2,481500.0
2,11,505.9,252000.0
2,5,505.9,229500.0
3,8,731.9,335250.0
3,5,731.9,363600.0
3,5,731.9,331200.0
3,5,731.9,342000.0
3,8,731.9,342000.0
3,5,731.9,342000.0
4,2,1184.0,342000.0
4,11,1227.1,414000.0
4,5,1141.0,369000.0
4,8,1108.7,334800.0
4,5,1130.2,369000.0
4,11,904.2,321300.0
4,2,1130.2,342000.0
4,5,1119.4,378000.0
4,8,1141.0,351000.0
4,2,1130.2,328500.0
4,8,1141.0,342000.0
4,11,1001.0,487800.0
4,2,1001.0,459000.0
4,14,1001.0,522000.0
4,5,1001.0,477000.0
4,11,1001.0,486000.0
4,11,1001.0,513000.0
4,11,1001.0,497700.0
4,14,1001.0,481500.0
4,5,1001.0,468000.0
4,5,1001.0,459000.0
4,14,1001.0,504000.0
4,2,1001.0,452700.0
4,5,1001.0,450000.0
4,11,1001.0,477000.0
4,8,1119.4,373500.0
5,2,1377.8,427500.0
5,2,1367.0,391500.0
5,14,1324.0,445500.0
5,5,1367.0,418500.0
5,8,1313.2,405000.0
5,5,1367.0,439200.0
5,5,1334.7,450000.0
5,14,1334.7,427500.0
5,2,1334.7,418500.0
5,5,1324.0,395100.0
5,2,1324.0,427500.0
5,8,1367.0,418500.0
5,5,1216.3,531000.0
5,11,1324.0,473850.0
5,11,1216.3,576000.0
5,5,1216.3,555750.0
5,8,1216.3,553500.0
5,11,1216.3,558000.0
5,8,1216.3,553500.0
5,11,1313.2,454500.0
5,11,1388.5,463500.0
5,2,1345.5,409050.0
5,5,1377.8,414000.0
2,2,473.6,207000.0
2,8,505.9,229500.0
3,8,699.7,301500.0
3,2,699.7,279000.0
3,11,699.7,321300.0
3,5,753.5,279000.0
3,5,731.9,328500.0
3,8,731.9,338029.2
3,8,731.9,326700.0
3,5,731.9,289800.0
3,2,731.9,281700.0
3,8,721.2,322200.0
3,14,721.2,333000.0
3,8,721.2,324000.0
3,5,721.2,306000.0
3,2,721.2,270000.0
3,17,731.9,334800.0
3,11,731.9,346500.0
4,8,968.8,342000.0
4,14,990.3,423000.0
4,5,968.8,334800.0
4,8,968.8,400500.0
4,14,968.8,335700.0
4,2,1011.8,396000.0
4,5,1001.0,383400.0
4,8,1001.0,405000.0
4,8,1001.0,427500.0
4,5,1001.0,391500.0
4,2,1001.0,382500.0
4,14,968.8,353700.0
4,11,1001.0,409500.0
4,8,1001.0,463500.0
4,17,1044.1,544500.0
4,5,1001.0,414000.0
4,8,1001.0,439200.0
4,11,1065.6,490500.0
4,8,1044.1,484200.0
4,11,1001.0,423000.0
4,5,1001.0,432000.0
4,14,1001.0,450000.0
4,14,1001.0,396000.0
4,14,1001.0,398700.0
4,11,1001.0,472500.0
4,2,1001.0,364500.0
4,17,1001.0,382500.0
4,14,914.9,319500.0
4,5,979.5,328500.0
4,14,1033.3,475200.0
4,14,990.3,412999.2
4,8,1044.1,472500.0
4,17,1001.0,454500.0
4,11,1065.6,490500.0
4,5,990.3,396000.0
4,8,1065.6,484200.0
4,2,990.3,362700.0
4,14,1011.8,444600.0
4,14,1011.8,490500.0
4,5,1044.1,423000.0
4,14,1001.0,486000.0
4,8,1001.0,382500.0
4,5,990.3,409500.0
4,14,1001.0,454500.0
4,2,1001.0,374799.60000000003
4,5,990.3,412200.0
4,5,990.3,414000.0
4,17,990.3,462499.2
4,8,1001.0,413100.0
4,2,990.3,378000.0
4,5,1001.0,409500.0
4,2,990.3,396000.0
5,11,1184.0,396000.0
5,14,1194.8,373500.0
5,14,1194.8,378000.0
5,5,1184.0,396000.0
5,8,1184.0,436500.0
5,11,1184.0,427500.0
5,2,1194.8,369000.0
5,20,1205.6,443700.0
5,14,1184.0,437400.0
5,11,1184.0,495000.0
5,17,1184.0,423000.0
5,11,1216.3,620899.2000000001
5,11,1216.3,585000.0
5,8,1216.3,576000.0
5,8,1184.0,378000.0
5,14,1184.0,382500.0
5,17,1205.6,499500.0
5,5,1184.0,369000.0
5,11,1184.0,406800.0
5,14,1216.3,540000.0
5,11,1216.3,502200.0
5,5,1216.3,450900.0
5,14,1205.6,594000.0
5,17,1205.6,576000.0
5,8,1205.6,531000.0
5,2,1194.8,515700.0
5,5,1205.6,576000.0
5,14,1205.6,625500.0
5,17,1205.6,594000.0
2,8,505.9,166500.0
3,5,624.3,207000.0
3,8,624.3,232200.0
3,11,645.8,274500.0
3,2,688.9,217800.0
3,2,592.0,189900.0
3,2,635.1,259200.0
3,11,645.8,198000.0
3,8,742.7,234000.0
3,29,678.1,547200.0
3,11,699.7,315000.0
3,14,785.8,343699.2
3,14,699.7,288000.0
3,11,699.7,277200.0
3,5,635.1,225000.0
3,2,699.7,304999.2
3,17,699.7,360000.0
3,8,710.4,267120.0
3,14,721.2,261000.0
3,5,710.4,249210.0
3,8,645.8,261000.0
3,5,645.8,253800.0
3,29,645.8,493200.0
3,11,645.8,450000.0
4,8,1022.6,635400.0
4,5,958.0,360000.0
4,8,958.0,382500.0
4,8,958.0,378000.0
4,23,1033.3,643500.0
4,11,968.8,688500.0
4,8,968.8,663480.0
4,29,968.8,733500.0
4,14,914.9,655200.0
4,35,968.8,612000.0
4,38,968.8,745200.0
5,8,1345.5,844200.0
5,32,1334.7,877500.0
5,14,1259.4,621000.0
5,23,1399.3,721800.0
5,11,1345.5,826200.0
5,8,1377.8,616500.0
5,29,1184.0,798300.0
5,11,1184.0,769500.0
5,5,1420.8,774000.0
2,5,505.9,193500.0
2,2,495.1,175500.0
3,11,731.9,270000.0
3,2,731.9,252000.0
3,11,731.9,265500.0
3,2,731.9,259200.0
3,23,721.2,270000.0
3,20,721.2,270000.0
4,11,1001.0,366199.2
4,2,1033.3,310500.0
4,8,914.9,271800.0
4,17,979.5,301500.0
4,11,1033.3,315000.0
4,8,968.8,310500.0
4,14,1076.4,337500.0
4,14,914.9,322200.0
4,2,1087.2,328500.0
4,14,1087.2,346500.0
4,8,990.3,340200.0
4,14,990.3,352800.0
4,17,968.8,313200.0
4,17,990.3,360000.0
4,5,968.8,279000.0
4,11,968.8,311400.0
4,8,968.8,271800.0
5,8,1184.0,360000.0
5,5,1194.8,376200.0
5,2,1184.0,301500.0
5,14,1184.0,333000.0
5,5,1184.0,356400.0
5,5,1184.0,349200.0
5,2,1194.8,340200.0
5,14,1184.0,369000.0
5,11,1184.0,355500.0
2,14,484.4,212400.0
2,14,473.6,214200.0
2,8,495.1,208800.0
2,23,495.1,204300.0
2,17,495.1,214200.0
3,2,721.2,289800.0
3,8,721.2,316800.0
3,5,721.2,306000.0
3,11,721.2,328500.0
3,5,721.2,297000.0
3,5,721.2,290700.0
3,8,721.2,315900.0
3,20,721.2,321300.0
3,23,742.7,306000.0
3,20,721.2,306000.0
3,5,721.2,331200.0
3,11,742.7,304999.2
3,20,721.2,304999.2
3,26,721.2,308700.0
4,11,990.3,427500.0
4,8,990.3,414000.0
4,14,990.3,437400.0
4,11,990.3,423000.0
4,17,990.3,423000.0
4,5,990.3,416700.0
4,8,990.3,412200.0
4,11,990.3,405000.0
4,5,1022.6,304200.0
4,14,990.3,388699.2
4,5,990.3,373500.0
4,11,990.3,435600.0
4,11,990.3,382500.0
4,5,990.3,405000.0
4,11,990.3,406800.0
4,11,990.3,427500.0
4,17,990.3,447199.2
4,5,990.3,427500.0
4,8,968.8,280800.0
4,11,968.8,301500.0
4,14,968.8,364500.0
4,5,1097.9,342000.0
4,8,1001.0,382500.0
4,11,990.3,353700.0
4,8,990.3,450000.0
4,2,968.8,405000.0
4,5,968.8,388800.0
4,14,914.9,400500.0
4,2,914.9,328500.0
4,14,1011.8,324000.0
4,5,968.8,306000.0
4,5,1087.2,348300.0
4,2,1001.0,301500.0
4,14,990.3,387000.0
4,23,990.3,382500.0
4,20,1001.0,378000.0
4,5,1001.0,373500.0
4,5,1001.0,348300.0
4,23,990.3,409500.0
4,11,1001.0,369900.0
4,8,1033.3,378000.0
4,2,968.8,326700.0
4,20,990.3,407700.0
4,11,1022.6,360000.0
4,14,1033.3,353700.0
4,8,1001.0,378000.0
4,20,1011.8,373500.0
4,5,1022.6,369000.0
4,17,1022.6,394999.2
4,5,990.3,353700.0
4,8,968.8,329400.0
4,17,990.3,373500.0
4,5,1022.6,362599.2
4,17,1011.8,400500.0
4,8,990.3,378000.0
4,5,1011.8,355500.0
4,20,990.3,391500.0
4,20,1033.3,368100.0
4,17,990.3,382500.0
4,23,1011.8,430200.0
4,20,1033.3,405000.0
4,5,1011.8,369000.0
4,14,1001.0,382500.0
4,26,1001.0,382500.0
4,8,979.5,319500.0
4,2,1001.0,319500.0
4,5,1001.0,342000.0
4,17,1001.0,351000.0
4,17,1001.0,367200.0
4,17,1001.0,351000.0
4,14,1001.0,342000.0
4,17,1076.4,328500.0
4,17,979.5,310500.0
4,14,979.5,283500.0
4,5,1076.4,313200.0
4,8,968.8,324000.0
4,2,1076.4,324000.0
4,5,968.8,441000.0
4,8,1001.0,481500.0
4,8,968.8,490500.0
4,2,990.3,427500.0
4,14,990.3,522000.0
4,8,990.3,502200.0
4,2,990.3,487800.0
4,20,1001.0,400500.0
4,23,1001.0,400500.0
4,26,990.3,414000.0
4,8,990.3,376200.0
4,14,1001.0,394200.0
5,8,1194.8,526500.0
5,8,1194.8,513000.0
5,5,1237.8,531000.0
5,14,1237.8,553500.0
5,5,1184.0,382500.0
5,8,1184.0,436500.0
5,14,1184.0,432000.0
5,5,1205.6,486000.0
5,17,1184.0,438199.2
5,17,1205.6,529200.0
5,17,1205.6,517590.0
5,11,1205.6,533700.0
5,11,1205.6,553500.0
5,5,1205.6,468000.0
5,5,1184.0,367200.0
5,14,1205.6,364500.0
5,2,1216.3,472500.0
5,14,1216.3,517500.0
5,2,1184.0,337500.0
5,2,1184.0,369000.0
5,5,1205.6,499500.0
5,14,1184.0,408499.2
5,5,1184.0,340200.0
5,5,1184.0,382500.0
5,8,1184.0,396000.0
5,11,1302.4,409500.0
5,14,1270.1,526500.0
5,14,1324.0,459000.0
5,5,1184.0,418500.0
5,2,1237.8,360000.0
5,2,1184.0,382500.0
5,2,1216.3,346500.0
5,14,1184.0,391500.0
5,2,1184.0,351000.0
5,2,1313.2,400500.0
5,23,1205.6,382500.0
5,23,1205.6,436500.0
5,17,1216.3,514800.0
5,17,1216.3,549000.0
5,17,1216.3,495000.0
5,17,1205.6,463500.0
5,8,1216.3,477000.0
5,17,1237.8,522000.0
5,17,1184.0,430200.0
5,2,1173.3,331200.0
5,14,1173.3,378000.0
5,11,1184.0,367200.0
5,17,1248.6,394200.0
5,2,1184.0,342000.0
5,8,1248.6,349200.0
5,11,1302.4,432000.0
5,11,1237.8,378000.0
5,8,1302.4,369000.0
5,5,1302.4,385200.0
5,17,1291.7,387000.0
5,11,1184.0,414000.0
5,5,1184.0,368100.0
5,11,1184.0,481500.0
5,14,1184.0,499500.0
5,5,1184.0,414000.0
5,14,1216.3,486000.0
5,2,1194.8,459000.0
3,11,785.8,281700.0
3,8,688.9,279000.0
3,11,645.8,299700.0
3,8,721.2,279000.0
3,8,688.9,324000.0
3,2,688.9,315000.0
3,2,818.1,272599.2
4,8,1130.2,567000.0
4,11,1141.0,565200.0
4,5,979.5,378000.0
4,5,1001.0,433800.0
4,5,904.2,477000.0
4,5,904.2,477000.0
4,2,990.3,362700.0
4,5,1130.2,463500.0
4,2,1033.3,373500.0
4,11,979.5,349200.0
4,2,893.4,423000.0
4,8,904.2,436500.0
4,11,979.5,328500.0
4,14,893.4,310500.0
4,11,893.4,297900.0
4,11,1108.7,405000.0
4,11,1076.4,361800.0
4,2,1141.0,346500.0
5,2,1302.4,522000.0
5,2,1324.0,540000.0
5,8,1302.4,441000.0
5,2,1377.8,463500.0
5,5,1280.9,486000.0
2,5,505.9,253800.0
3,14,742.7,355500.0
3,14,742.7,367200.0
3,5,742.7,346500.0
3,5,731.9,272700.0
3,8,721.2,333000.0
3,2,721.2,346500.0
3,8,796.5,288000.0
3,5,807.3,241200.0
3,8,839.6,313200.0
3,8,721.2,286200.0
3,8,807.3,295200.0
3,2,796.5,297000.0
3,2,850.3,285199.2
3,11,807.3,328500.0
3,8,731.9,267300.0
3,5,796.5,292500.0
3,5,785.8,265500.0
3,8,785.8,281700.0
3,8,785.8,310500.0
3,8,785.8,272700.0
3,5,796.5,319500.0
3,5,785.8,283500.0
3,5,785.8,256500.0
3,8,742.7,288000.0
3,5,796.5,270000.0
3,2,688.9,270000.0
3,8,688.9,266400.0
3,5,796.5,288000.0
3,5,688.9,263700.0
3,2,688.9,243000.0
3,14,785.8,304200.0
4,2,1173.3,394200.0
4,8,1119.4,409500.0
4,11,1119.4,400500.0
4,8,1001.0,479700.0
4,5,1001.0,468900.0
4,14,1001.0,517500.0
4,5,1001.0,477000.0
4,8,979.5,364500.0
4,5,979.5,373500.0
4,8,1130.2,387000.0
4,8,1119.4,381499.2
4,8,990.3,441000.0
4,11,990.3,459000.0
4,14,1001.0,513000.0
4,14,1001.0,531000.0
4,17,1001.0,522000.0
4,2,1001.0,459000.0
4,8,1001.0,499500.0
4,5,1001.0,459000.0
4,8,1001.0,513000.0
4,14,904.2,585799.2000000001
4,5,1108.7,387000.0
4,8,1119.4,420300.0
4,5,1151.7,379800.0
4,5,1151.7,333000.0
4,5,904.2,351000.0
4,11,904.2,351000.0
4,11,904.2,314100.0
4,5,904.2,301500.0
4,8,1108.7,360000.0
4,8,1141.0,380700.0
4,2,1097.9,333000.0
4,2,1119.4,360000.0
4,2,1076.4,335700.0
4,14,1108.7,407700.0
4,8,1108.7,373500.0
4,8,1076.4,396000.0
4,11,1076.4,380700.0
4,5,1076.4,364500.0
4,11,1119.4,385200.0
4,8,1130.2,379800.0
4,11,904.2,351000.0
4,5,904.2,328500.0
4,14,904.2,356400.0
4,8,904.2,324000.0
4,2,1119.4,373500.0
4,2,1119.4,379800.0
4,8,1162.5,358200.0
4,8,1108.7,343800.0
4,5,1119.4,342000.0
5,11,1194.8,702000.0
5,8,1313.2,450000.0
5,8,1313.2,481500.0
5,5,1324.0,517500.0
5,2,1302.4,472500.0
5,11,1324.0,477000.0
5,2,1377.8,450000.0
5,8,1313.2,513000.0
5,8,1302.4,511200.0
5,2,1302.4,454500.0
5,2,1313.2,432000.0
5,11,1313.2,504000.0
5,2,1367.0,450000.0
5,5,1356.3,466200.0
5,5,1184.0,659700.0
5,14,1216.3,646200.0
5,14,1216.3,628999.2000000001
5,2,1302.4,434700.0
5,5,1302.4,498600.0
5,8,1399.3,454500.0
5,2,1302.4,423000.0
5,11,1356.3,490500.0
5,2,1313.2,432000.0
5,8,1324.0,501300.0
5,8,1453.1,495000.0
5,5,1302.4,463500.0
5,8,1302.4,454500.0
5,11,1334.7,427500.0
5,11,1367.0,459000.0
5,8,1280.9,445500.0
5,5,1313.2,472500.0
5,11,1313.2,495000.0
5,8,1302.4,450000.0
5,2,1313.2,468000.0
5,11,1302.4,466200.0
2,8,430.6,180000.0
2,2,430.6,169200.0
2,2,462.8,148500.0
2,2,462.8,135000.0
3,5,710.4,180000.0
3,8,710.4,198000.0
3,11,710.4,247500.0
3,11,710.4,261000.0
3,5,721.2,238500.0
3,2,688.9,211500.0
3,5,699.7,211500.0
3,11,710.4,220500.0
3,8,699.7,234000.0
3,8,667.4,211500.0
3,5,624.3,193500.0
3,11,721.2,198000.0
3,2,699.7,190800.0
3,14,796.5,358200.0
3,8,721.2,283500.0
3,5,721.2,252000.0
3,14,721.2,292500.0
3,2,796.5,315000.0
3,14,796.5,376200.0
3,2,721.2,200700.0
3,8,721.2,208800.0
3,5,721.2,205200.0
3,8,699.7,230400.0
4,8,1108.7,450000.0
4,2,1130.2,423000.0
4,26,979.5,754200.0
4,35,979.5,747000.0
4,11,968.8,576169.2000000001
4,5,968.8,578700.0
4,20,1097.9,576000.0
4,2,1119.4,486000.0
4,8,882.6,277200.0
4,11,882.6,288000.0
4,5,882.6,295200.0
4,8,1001.0,378000.0
4,2,1033.3,382579.2
4,2,1108.7,459000.0
4,2,1108.7,484200.0
4,5,936.5,306000.0
4,5,936.5,288000.0
4,11,936.5,333000.0
5,11,1324.0,468000.0
5,2,1345.5,484200.0
5,32,1227.1,907999.2000000001
5,8,1216.3,792000.0
5,26,1356.3,792000.0
5,11,1302.4,702000.0
5,8,1302.4,603000.0
5,8,1227.1,445500.0
2,17,505.9,216000.0
2,2,505.9,189000.0
3,2,796.5,202500.0
3,8,818.1,211500.0
3,8,731.9,202500.0
3,8,721.2,184500.0
3,8,721.2,180000.0
3,2,645.8,186300.0
3,2,699.7,176400.0
3,8,699.7,183600.0
3,29,721.2,288000.0
3,29,710.4,283500.0
3,11,721.2,279000.0
3,17,721.2,270000.0
3,2,721.2,288000.0
3,14,721.2,306000.0
3,11,721.2,288000.0
3,11,721.2,238500.0
3,8,731.9,220500.0
3,11,785.8,259200.0
3,2,785.8,234000.0
3,2,688.9,229500.0
3,5,785.8,232200.0
4,5,1097.9,267300.0
4,11,1033.3,214200.0
4,5,990.3,373500.0
4,11,1130.2,360000.0
4,11,1033.3,297000.0
4,2,1108.7,279900.0
4,11,1097.9,349999.2
4,11,1087.2,355500.0
4,5,968.8,301500.0
4,5,990.3,274500.0
4,8,979.5,301500.0
4,2,1097.9,281700.0
4,8,1097.9,295200.0
4,5,1097.9,288000.0
4,11,979.5,283500.0
4,8,990.3,364500.0
4,5,990.3,324000.0
4,5,990.3,326700.0
4,11,990.3,351000.0
4,5,990.3,337500.0
4,8,1087.2,288000.0
4,8,990.3,337500.0
4,8,990.3,324000.0
4,14,990.3,365400.0
4,8,990.3,337500.0
4,11,979.5,344700.0
4,5,1097.9,304200.0
4,5,1065.6,310500.0
4,14,990.3,405000.0
4,8,990.3,371700.0
4,8,990.3,387000.0
4,11,1065.6,295200.0
4,5,990.3,360000.0
4,11,990.3,279450.0
4,5,1097.9,268200.0
4,8,1097.9,307800.0
4,11,979.5,306000.0
4,8,1087.2,301500.0
4,2,979.5,274500.0
4,8,1076.4,292500.0
4,11,1076.4,322200.0
4,5,1076.4,313200.0
4,8,968.8,307800.0
4,2,968.8,299700.0
4,8,1076.4,306000.0
4,2,1097.9,297000.0
4,2,1076.4,328500.0
4,2,925.7,293400.0
4,2,1076.4,324000.0
4,5,1087.2,284400.0
4,8,1097.9,324000.0
4,8,1097.9,306799.2
4,5,1076.4,316800.0
4,2,979.5,271800.0
4,5,1108.7,286200.0
4,8,904.2,265500.0
4,5,904.2,254700.0
4,8,1141.0,310500.0
4,2,1001.0,279000.0
4,11,904.2,274500.0
5,2,1324.0,261000.0
5,8,1184.0,306000.0
5,8,1324.0,337500.0
5,8,1496.2,369000.0
5,2,1302.4,299700.0
5,11,1334.7,466200.0
5,11,1205.6,459000.0
5,5,1205.6,445500.0
5,5,1463.9,391500.0
5,8,1313.2,371700.0
5,11,1302.4,360000.0
5,5,1313.2,350100.0
5,5,1313.2,382500.0
5,2,1313.2,351000.0
5,5,1313.2,351900.0
5,8,1205.6,396000.0
5,2,1388.5,351000.0
5,2,1324.0,349200.0
5,2,1345.5,445500.0
5,2,1194.8,355500.0
5,5,1270.1,351000.0
5,8,1313.2,369000.0
5,8,1291.7,342000.0
5,5,1270.1,355500.0
5,8,1313.2,351000.0
5,11,1313.2,360000.0
5,2,1313.2,351000.0
5,8,1313.2,367200.0
5,5,1302.4,362700.0
5,5,1291.7,364500.0
5,5,1184.0,335700.0
5,14,1184.0,360000.0
5,5,1184.0,351000.0
5,5,1474.7,396000.0
5,2,1399.3,390499.2
5,2,1324.0,346500.0
5,8,1334.7,391500.0
5,2,1313.2,342000.0
5,2,1485.4,400500.0
5,2,1302.4,333799.2
5,2,1367.0,369000.0
2,8,505.9,208800.0
2,2,505.9,202050.0
3,17,721.2,385200.0
3,11,721.2,403200.0
3,8,721.2,261000.0
3,11,721.2,279000.0
3,11,721.2,281700.0
3,2,699.7,223200.0
3,8,688.9,232200.0
3,5,796.5,243000.0
3,8,796.5,229500.0
3,8,882.6,259200.0
3,11,731.9,225000.0
3,8,731.9,225000.0
3,11,731.9,238500.0
3,5,731.9,225000.0
3,2,721.2,241200.0
3,8,785.8,211500.0
3,8,796.5,243450.0
3,5,688.9,218700.0
3,14,721.2,301500.0
3,8,796.5,230400.0
3,2,721.2,220500.0
3,5,796.5,249300.0
3,5,721.2,235800.0
3,8,796.5,277200.0
3,8,688.9,213199.2
3,14,731.9,315000.0
3,2,721.2,229500.0
3,5,731.9,227700.0
3,8,721.2,243000.0
3,5,731.9,243000.0
3,5,721.2,225079.2
3,2,688.9,223200.0
3,11,796.5,229500.0
3,14,721.2,301500.0
3,8,721.2,279000.0
3,14,721.2,292500.0
3,5,721.2,286200.0
3,11,721.2,275400.0
3,11,731.9,288000.0
3,5,731.9,272700.0
3,2,785.8,238500.0
3,11,785.8,252000.0
3,5,688.9,234900.0
3,5,688.9,214200.0
3,5,721.2,247500.0
3,8,721.2,253800.0
4,8,990.3,360000.0
4,14,990.3,342900.0
4,11,990.3,346500.0
4,5,990.3,333000.0
4,14,990.3,346500.0
4,11,990.3,475200.0
4,8,990.3,362700.0
4,5,990.3,331200.0
4,8,904.2,243000.0
4,8,1119.4,315000.0
4,11,990.3,355500.0
4,14,990.3,352800.0
4,5,990.3,346500.0
4,8,990.3,355500.0
4,5,990.3,335700.0
4,11,990.3,531000.0
4,8,990.3,513000.0
4,5,1033.3,360000.0
4,11,1044.1,396000.0
4,5,990.3,328500.0
4,11,990.3,530100.0
4,2,1130.2,279000.0
4,2,904.2,288000.0
4,5,904.2,282600.0
4,8,958.0,265500.0
4,2,904.2,256500.0
4,11,904.2,270000.0
4,8,1119.4,391500.0
4,5,904.2,256500.0
4,11,1119.4,269550.0
4,11,904.2,243000.0
4,14,990.3,396000.0
4,14,990.3,385200.0
4,2,904.2,245700.0
4,5,990.3,355500.0
4,5,990.3,367200.0
4,2,1162.5,283500.0
4,2,990.3,319500.0
4,5,1119.4,353599.2
4,2,990.3,306000.0
4,11,1001.0,373500.0
4,8,904.2,283500.0
4,11,1001.0,283500.0
4,5,904.2,283500.0
4,2,1033.3,270000.0
4,5,990.3,342000.0
4,8,1119.4,297000.0
4,14,1001.0,373500.0
4,5,1033.3,382500.0
4,2,979.5,297000.0
4,8,979.5,292500.0
4,8,1001.0,322200.0
4,2,1033.3,306900.0
4,5,904.2,261000.0
4,11,1119.4,316800.0
4,11,904.2,252000.0
4,5,904.2,252000.0
4,14,990.3,369000.0
4,14,990.3,369000.0
4,11,990.3,331200.0
4,2,990.3,321750.0
4,2,990.3,313200.0
4,5,990.3,351000.0
4,14,990.3,376200.0
4,2,990.3,337500.0
4,14,1001.0,369000.0
4,2,1001.0,315000.0
4,2,990.3,324000.0
4,2,990.3,315000.0
4,8,990.3,351000.0
4,2,1001.0,297000.0
4,8,1001.0,351000.0
4,2,1001.0,319500.0
4,5,990.3,364500.0
4,8,1119.4,306000.0
4,5,904.2,301500.0
4,8,904.2,254700.0
4,5,1119.4,288000.0
4,5,904.2,257400.0
4,5,904.2,268200.0
4,5,893.4,268200.0
4,2,1119.4,322200.0
4,11,904.2,290700.0
4,11,1119.4,283500.0
4,2,947.2,265500.0
4,11,904.2,328950.0
4,2,904.2,248400.0
4,2,1119.4,335700.0
4,8,979.5,351000.0
4,2,979.5,322200.0
4,11,979.5,283500.0
4,8,979.5,346500.0
5,11,1205.6,421200.0
5,5,1205.6,405000.0
5,8,1205.6,423000.0
5,5,1205.6,396000.0
5,8,1205.6,427500.0
5,14,1205.6,643500.0
5,8,1313.2,387000.0
5,8,1205.6,450000.0
5,14,1205.6,468000.0
5,14,1205.6,472500.0
5,2,1205.6,424800.0
5,5,1205.6,464400.0
5,5,1205.6,479700.0
5,5,1205.6,436500.0
5,5,1205.6,443700.0
5,8,1313.2,448999.2
5,5,1313.2,351000.0
5,5,1313.2,415800.0
5,5,1345.5,380700.0
5,2,1302.4,382500.0
5,2,1302.4,369000.0
5,11,1302.4,409500.0
5,5,1313.2,355500.0
5,14,1216.3,464400.0
5,5,1216.3,502200.0
5,8,1216.3,468000.0
5,2,1302.4,328500.0
5,5,1302.4,405000.0
5,5,1313.2,424800.0
5,2,1302.4,373500.0